,drop=0.00,drop=0.18,drop=0.36,drop=0.54,drop=0.72,drop=0.90
rho=0.05,0.111509841104278,0.1114601552032341,0.11138831258731349,0.11131385707589568,0.11133634023304897,0.11135076502945941
rho=0.075,0.111531263254084,0.1114819333480431,0.11140971465737892,0.1113353784075228,0.11135831411040777,0.11137252493503613
rho=0.1,0.11156755375227956,0.11151838631016042,0.11144600705910462,0.11137174110769871,0.11139522290705647,0.11140916099329161
rho=0.15,0.11155986482846134,0.11151239729561908,0.11141873893092706,0.11136767164456234,0.11122888566725884,0.11124210239252884
rho=0.2,0.11162619946003327,0.11157991210303941,0.11148408071725721,0.1114327976523631,0.11129549415009149,0.11131001675040134
